typo,correct
pubilc,public
pubwic,public
ublic,public
publpic,public
lublic,public
cublip,public
oublic,public
publlic,public
pjblic,public
plbuic,public
publicw,public
publicc,public
Public,public
pubic,public
puBlic,public
pubtic,public
pibluc,public
puboic,public
pubLic,public
pbulic,public
pqblic,public
apublic,public
publio,public
upblic,public
publiC,public
puiblic,public
publiv,public
wublic,public
publgc,public
publoic,public
pUblic,public
publiic,public
pulbic,public
pubcil,public
publIc,public
pulic,public
publiuc,public
publiq,public
pubglic,public
phblic,public
clsas,class
bclass,class
lcass,class
classy,class
cass,class
slacs,class
cclass,class
classa,class
clas,class
Class,class
clAss,class
clss,class
cllass,class
classs,class
rlass,class
coass,class
claass,class
cxlass,class
cluss,class
csals,class
classu,class
clazs,class
classm,class
flass,class
cxass,class
cpass,class
claws,class
clasxs,class
clasx,class
ckass,class
clsss,class
classw,class
clasw,class
ceass,class
calss,class
hlass,class
clkass,class
clasd,class
kclass,class
dlass,class
ctatis,static
staoic,static
sTatic,static
stattic,static
staticp,static
stAtic,static
stagic,static
tatic,static
stacit,static
statc,static
scatit,static
ttasic,static
sattic,static
statfic,static
stafic,static
staitc,static
sttatic,static
staic,static
stctia,static
siattc,static
staticc,static
satatic,static
stati,static
stajic,static
statig,static
stitac,static
statrc,static
statoc,static
staric,static
tsatic,static
statiic,static
stztic,static
Static,static
sstatic,static
statiC,static
statica,static
staTic,static
sttic,static
statci,static
stfatic,static
vaid,void
voif,void
vowd,void
voidc,void
voidd,void
ovid,void
voi,void
vcoid,void
voids,void
vod,void
vood,void
vid,void
vxid,void
oid,void
voidx,void
vgoid,void
ioid,void
vwid,void
vvoid,void
voiid,void
vodi,void
goid,void
voip,void
Void,void
voiv,void
vOid,void
vopid,void
voiD,void
gvoid,void
vboid,void
boid,void
vokid,void
doiv,void
voId,void
vkid,void
vfoid,void
joid,void
voidr,void
vooid,void
viod,void
maIn,main
maiu,main
mawin,main
min,main
mnia,main
maiun,main
maiin,main
nain,main
maiN,main
mian,main
maie,main
amin,main
imain,main
kain,main
cain,main
mainh,main
mAin,main
mmain,main
maion,main
naim,main
maqin,main
mai,main
jain,main
muin,main
maain,main
man,main
maim,main
qain,main
maib,main
maijn,main
mani,main
rmain,main
tmain,main
mwin,main
mgin,main
ain,main
mainm,main
mjain,main
mqin,main
mainn,main
Steing,String
Srting,String
tSring,String
Stringg,String
Strikng,String
Stripg,String
STring,String
Sttring,String
Stding,String
Styring,String
Wtring,String
StRing,String
Sirtng,String
Streing,String
Stging,String
Strinv,String
Spring,String
Strig,String
SString,String
Strring,String
Strgni,String
Strinhg,String
Strint,String
Stryng,String
tring,String
Stirng,String
Stning,String
Stribg,String
Strfing,String
Striig,String
Stringf,String
Strign,String
Stping,String
StriNg,String
Strnig,String
Stginr,String
Strng,String
string,String
Strting,String
Srring,String
vf,if
iff,if
of,if
kf,if
ir,if
nf,if
ijf,if
rf,if
ig,if
iv,if
kif,if
yif,if
ic,if
ifc,if
i,if
ift,if
it,if
ih,if
sif,if
jf,if
uf,if
ef,if
f,if
pif,if
If,if
qif,if
uif,if
ikf,if
ifd,if
iof,if
id,if
iif,if
ifv,if
df,if
ifg,if
dif,if
qf,if
ii,if
fi,if
iF,if
elseb,else
epse,else
eles,else
elsn,else
elsq,else
elsde,else
ekse,else
dlse,else
ecse,else
qlse,else
delse,else
elss,else
els,else
esle,else
ellse,else
eLse,else
elsw,else
lese,else
edlse,else
elae,else
ele,else
Else,else
elsv,else
elser,else
elses,else
elde,else
elose,else
elsee,else
lse,else
elpse,else
elsse,else
eelse,else
elsE,else
slee,else
elwe,else
ese,else
elsr,else
elSe,else
erse,else
slse,else
ford,for
fow,for
foz,for
fro,for
fbr,for
ffor,for
fur,for
foo,for
folr,for
fod,for
foR,for
fvr,for
fir,for
For,for
fcor,for
bor,for
fr,for
forr,for
fOr,for
wfor,for
dfor,for
foor,for
fdor,for
fort,for
forf,for
fqr,for
or,for
foi,for
cor,for
fo,for
vor,for
dor,for
fcr,for
fob,for
rof,for
fof,for
fnr,for
fgor,for
fol,for
ofr,for
hile,while
whle,while
hwile,while
ihwle,while
vwhile,while
wheli,while
whil,while
wlihe,while
whikle,while
whhile,while
whiloe,while
wHile,while
whtle,while
whiLe,while
whilee,while
wrile,while
wahile,while
whiel,while
whiler,while
whie,while
whilr,while
ghile,while
whijle,while
wile,while
whille,while
whjile,while
lhiwe,while
whilew,while
ehilw,while
whiile,while
whixe,while
wshile,while
wehile,while
wqhile,while
whyile,while
wihle,while
whioe,while
whIle,while
awhile,while
whlie,while
returN,return
retuirn,return
retjrn,return
returnn,return
reutrn,return
rEturn,return
retuurn,return
deturn,return
rerutn,return
eeturn,return
reTurn,return
retutn,return
returt,return
erturn,return
eturn,return
rteurn,return
reeturn,return
retuen,return
reurn,return
rturn,return
retudn,return
neturr,return
returo,return
mreturn,return
Return,return
retUrn,return
retun,return
returj,return
renurt,return
returc,return
returrn,return
returnj,return
retturn,return
rrtuen,return
retrun,return
retnru,return
rmturn,return
reyurn,return
retunr,return
rwturn,return
ibt,int
iht,int
intf,int
inbt,int
nit,int
igt,int
znt,int
injt,int
iknt,int
iNt,int
intj,int
iot,int
inr,int
intg,int
gint,int
intp,int
inp,int
iint,int
it,int
ink,int
inT,int
inf,int
nt,int
inmt,int
inq,int
sint,int
intt,int
unt,int
innt,int
jnt,int
itn,int
knt,int
iunt,int
Int,int
tnt,int
tni,int
inv,int
rnt,int
qnt,int
bint,int
floaat,float
fllat,float
floaT,float
flpoat,float
faolt,float
nloat,float
fnoat,float
ffloat,float
flooat,float
floatf,float
floa,float
flopat,float
floazt,float
aloft,float
tloaf,float
fboat,float
fsoat,float
loat,float
flozt,float
olfat,float
fload,float
flota,float
zloat,float
flOat,float
lfoat,float
yloat,float
floatt,float
rloat,float
floaj,float
flaot,float
kloat,float
foat,float
flloat,float
fdloat,float
floAt,float
Float,float
sfloat,float
oloat,float
flat,float
folat,float
booolean,boolean
booilean,boolean
booLean,boolean
booleah,boolean
uoolean,boolean
mboolean,boolean
boooean,boolean
boomean,boolean
booleank,boolean
tboolean,boolean
noolean,boolean
bovlean,boolean
booleaN,boolean
boplean,boolean
boolen,boolean
boolpean,boolean
booleanl,boolean
boocean,boolean
bolean,boolean
boolEan,boolean
booleanx,boolean
boollean,boolean
booneal,boolean
eoolban,boolean
Boolean,boolean
booledan,boolean
booleean,boolean
oolean,boolean
boopean,boolean
booklean,boolean
obolean,boolean
boolaen,boolean
boolan,boolean
booean,boolean
boOlean,boolean
boolkean,boolean
nooleab,boolean
booleAn,boolean
bkolean,boolean
boolena,boolean
trey,try
trb,try
gtry,try
ry,try
tdy,try
trry,try
tmy,try
tyy,try
twy,try
tyr,try
tgry,try
tr,try
ttry,try
tryg,try
kry,try
tRy,try
fry,try
tryy,try
tsy,try
trv,try
tru,try
trz,try
Try,try
rry,try
gry,try
tri,try
trh,try
itry,try
tty,try
trm,try
bry,try
tryu,try
mry,try
tey,try
rty,try
trg,try
ptry,try
ty,try
trY,try
yrt,try
catchh,catch
caich,catch
vatch,catch
caqtch,catch
catrch,catch
catchj,catch
rcatch,catch
catchb,catch
Catch,catch
catcH,catch
caTch,catch
catc,catch
catca,catch
actch,catch
jcatch,catch
cacth,catch
ctch,catch
cwtch,catch
ctach,catch
catCh,catch
cagch,catch
cktch,catch
cakch,catch
ccatch,catch
atch,catch
chtca,catch
bcatch,catch
cAtch,catch
fatch,catch
cathc,catch
cattch,catch
catvh,catch
catdh,catch
cath,catch
catxh,catch
catcu,catch
cach,catch
cstch,catch
cafch,catch
hatcc,catch
iport,import
imptro,import
impoort,import
imlort,import
importy,import
impOrt,import
idport,import
impotr,import
simport,import
imoprt,import
imporr,import
impolrt,import
omport,import
impoyt,import
impert,import
impodt,import
impoRt,import
imporT,import
imropt,import
iimport,import
wmport,import
itporm,import
imprt,import
imporv,import
ijport,import
miport,import
impordt,import
imporg,import
imort,import
imporrt,import
impport,import
impkrt,import
rmpoit,import
ikport,import
immport,import
importt,import
imtorp,import
ipmort,import
kimport,import
impor,import
paxkage,package
packagex,package
pacnage,package
pacckage,package
packagfe,package
lackage,package
paackage,package
pgckaae,package
pckage,package
packoage,package
packagE,package
apckage,package
aackpge,package
packagw,package
packaye,package
packge,package
packAge,package
packahe,package
packwge,package
paceagk,package
packaeg,package
packae,package
pacxkage,package
paakcge,package
packgae,package
pakage,package
pakcage,package
pacakge,package
padkage,package
oackage,package
packaged,package
paCkage,package
packag,package
packape,package
packaGe,package
packkage,package
packmge,package
pacage,package
pacoage,package
packgge,package
newq,new
anew,new
newj,new
now,new
wen,new
njew,new
nedw,new
nEw,new
nrw,new
njw,new
hew,new
ncw,new
nek,new
jew,new
iew,new
snew,new
pnew,new
nes,new
newz,new
ngw,new
neW,new
nwe,new
ne,new
New,new
mew,new
ew,new
nww,new
ndw,new
neq,new
nnew,new
neew,new
nmew,new
nsw,new
nw,new
neg,new
neww,new
enw,new
nea,new
tnew,new
cnew,new
tHis,this
htis,this
tyhis,this
thisd,this
tsih,this
tthis,this
twis,this
thus,this
thios,this
ihts,this
tsis,this
thds,this
tis,this
tfhis,this
thhis,this
dthis,this
thii,this
bthis,this
thsi,this
thie,this
uhis,this
tuis,this
thqs,this
thgis,this
thi,this
thiis,this
his,this
thyis,this
thim,this
thIs,this
fhis,this
hhis,this
tjis,this
This,this
txis,this
fthis,this
tgis,this
thiss,this
tihs,this
thiS,this
extendx,extends
exttends,extends
ektends,extends
excends,extends
extenmds,extends
extendsw,extends
extenbds,extends
extendss,extends
extdnes,extends
exdtends,extends
etends,extends
qxtends,extends
exfends,extends
etxends,extends
pextends,extends
extneds,extends
extyends,extends
extedns,extends
exteends,extends
extens,extends
exsendt,extends
exends,extends
nxteeds,extends
dxtenes,extends
exgends,extends
exTends,extends
exteNds,extends
extendS,extends
txeends,extends
extendsx,extends
xetends,extends
eetxnds,extends
edtenxs,extends
extendds,extends
exetnds,extends
edtends,extends
extensd,extends
extnds,extends
extehds,extends
extfends,extends
implemeents,implements
Implements,implements
impllements,implements
implemcnts,implements
implemfnts,implements
implemEnts,implements
immplements,implements
impelments,implements
implementts,implements
impplements,implements
dmplements,implements
impleements,implements
implemesnts,implements
implemments,implements
implmeents,implements
nmplemeits,implements
implemenTs,implements
ipmlements,implements
impleemnts,implements
implemennts,implements
implemnts,implements
implemnents,implements
implemetns,implements
implemnets,implements
impLements,implements
implemsnte,implements
implementS,implements
implemenst,implements
implemkents,implements
iimplements,implements
impleents,implements
impements,implements
impqements,implements
implmments,implements
implemets,implements
implesments,implements
ieplmments,implements
imlpements,implements
implemeNts,implements
empliments,implements
thrws,throws
tthrows,throws
yhrows,throws
thorws,throws
tyrows,throws
thros,throws
thrmws,throws
throWs,throws
throwws,throws
thoows,throws
throvs,throws
thrtows,throws
throw,throws
thrwos,throws
throes,throws
throwas,throws
tsrowh,throws
trows,throws
trhows,throws
throsw,throws
nhrows,throws
throww,throws
throwa,throws
throkws,throws
throows,throws
throiws,throws
tHrows,throws
thhrows,throws
thtows,throws
thsowr,throws
thows,throws
throwss,throws
thrrows,throws
throwu,throws
thjrows,throws
throwS,throws
whrots,throws
throwx,throws
tjrows,throws
Throws,throws
rnteiface,interface
intterface,interface
ineerfact,interface
ieterfacn,interface
interfaec,interface
interfawce,interface
innterface,interface
interfacee,interface
interace,interface
interfgace,interface
intewrface,interface
iaterfnce,interface
interafce,interface
inyerface,interface
iaterface,interface
niterface,interface
interfafe,interface
interfaCe,interface
interfeca,interface
inTerface,interface
interfaqce,interface
interfaced,interface
interfade,interface
intefrace,interface
jnterface,interface
interfacd,interface
inferface,interface
intarfece,interface
interfave,interface
interfaxe,interface
interfaace,interface
Interface,interface
interfxce,interface
fnteriace,interface
intertface,interface
intErface,interface
interfcae,interface
interfce,interface
inteerface,interface
interfacew,interface
pxivate,private
privvate,private
privAte,private
privatE,private
priivate,private
prkvate,private
priVate,private
privatr,private
pfivate,private
privafe,private
provate,private
privat,private
prIvate,private
privtae,private
privite,private
privcate,private
privawte,private
pruvate,private
prjvate,private
privaate,private
privaet,private
prwvate,private
psivate,private
privates,private
priavte,private
privatte,private
privae,private
prrivate,private
privatd,private
priate,private
prviate,private
privaTe,private
pRivate,private
pirvate,private
prtvaie,private
prvate,private
prijvate,private
privbate,private
prfivate,private
orivate,private
pRotected,protected
protectedd,protected
protectred,protected
protercted,protected
prtected,protected
protectjd,protected
protectei,protected
protEcted,protected
progected,protected
protdcted,protected
protexted,protected
proetcted,protected
protetced,protected
protecdet,protected
grotected,protected
proyected,protected
protectEd,protected
peotrcted,protected
proteCted,protected
protecetd,protected
proTected,protected
protecfed,protected
protectedx,protected
proteccted,protected
prootected,protected
protectedi,protected
protectwd,protected
protescted,protected
protectdd,protected
proteyted,protected
proected,protected
protefted,protected
protecte,protected
protectd,protected
prOtected,protected
proitected,protected
prosected,protected
protecteD,protected
preotected,protected
proticted,protected
fianl,final
dinal,final
fanil,final
ifnal,final
finla,final
ftinal,final
finnal,final
ffinal,final
finl,final
finaL,final
nifal,final
ainfl,final
finalk,final
finas,final
pinal,final
fInal,final
fiinal,final
fial,final
fijal,final
fimal,final
linaf,final
fihal,final
fknal,final
finalo,final
Final,final
finalp,final
fijnal,final
fital,final
einal,final
inal,final
finaql,final
finaal,final
fnial,final
fcinal,final
fiNal,final
finall,final
finag,final
finap,final
tinal,final
fina,final
abstrat,abstract
abstrcat,abstract
abstractt,abstract
absfract,abstract
abstraxt,abstract
absatract,abstract
bstract,abstract
tbsaract,abstract
abstraqct,abstract
atstracb,abstract
abswtract,abstract
absttract,abstract
abtsract,abstract
abstfact,abstract
abswract,abstract
Abstract,abstract
astract,abstract
oabstract,abstract
abstractr,abstract
abstrAct,abstract
abnstract,abstract
abstracct,abstract
aabstract,abstract
absrract,abstract
atsbract,abstract
abstrract,abstract
abstrbct,abstract
abgstract,abstract
abstraut,abstract
abstracT,abstract
absgract,abstract
aostract,abstract
asbtract,abstract
abntract,abstract
abstreact,abstract
bastract,abstract
absrtact,abstract
abstracxt,abstract
abstrct,abstract
abscratt,abstract
continuE,continue
dontinue,continue
conttinue,continue
contiknue,continue
contionue,continue
conntinue,continue
contInue,continue
coninue,continue
ctnoinue,continue
contijnue,continue
contiune,continue
continjue,continue
centinuo,continue
contikue,continue
cotninue,continue
cdontinue,continue
contnue,continue
contiue,continue
contunue,continue
uontince,continue
cOntinue,continue
czntinue,continue
conitnue,continue
contniue,continue
continuue,continue
cobtinue,continue
coontinue,continue
cokntinue,continue
contineu,continue
comtinue,continue
cntinue,continue
acontinue,continue
contiwue,continue
contjnue,continue
continUe,continue
coktinue,continue
cohtinue,continue
contginue,continue
contenui,continue
cotinue,continue
defadlt,default
defualt,default
defaul,default
efault,default
defaUlt,default
defaurt,default
defaut,default
uefadlt,default
defvault,default
defaault,default
deefault,default
dxfault,default
cefault,default
defalt,default
defautl,default
delauft,default
ddfault,default
lefaudt,default
dfault,default
dmfault,default
defaulot,default
dtfaule,default
dEfault,default
edfault,default
defaultg,default
defatlu,default
deuault,default
deafult,default
defaulT,default
deftula,default
defahlt,default
uefault,default
defAult,default
decault,default
defaylt,default
defaulx,default
aefdult,default
defasult,default
deFault,default
deffault,default
swirch,switch
switc,switch
switrh,switch
switsh,switch
swotch,switch
siwtch,switch
xswitch,switch
sweitch,switch
swctih,switch
swifch,switch
swittch,switch
sswitch,switch
switcH,switch
swItch,switch
swiitch,switch
switCh,switch
switdh,switch
pwitch,switch
swktch,switch
twisch,switch
swiutch,switch
wsitch,switch
switchh,switch
sewitch,switch
swiTch,switch
saitch,switch
swtich,switch
switchn,switch
switcch,switch
switcj,switch
swtch,switch
switcu,switch
sqitch,switch
swhtci,switch
swvtch,switch
awitch,switch
switfh,switch
sgitch,switch
Switch,switch
swithc,switch
cesa,case
lase,case
casm,case
wcase,case
cas,case
icase,case
ase,case
vase,case
cass,case
caze,case
caee,case
qase,case
tase,case
csse,case
caes,case
wase,case
casee,case
caqse,case
cawe,case
sace,case
cvase,case
csae,case
caswe,case
caase,case
cae,case
cse,case
casg,case
casze,case
easc,case
casE,case
cahe,case
cwse,case
acse,case
casd,case
cases,case
ccase,case
Case,case
cased,case
gcase,case
caSe,case
rbeak,break
bReak,break
breaqk,break
brevk,break
breka,break
breako,break
beak,break
brwak,break
hreak,break
braek,break
brEak,break
bfeak,break
kreab,break
brewk,break
breeak,break
bhreak,break
breakl,break
brkae,break
bueak,break
breask,break
vreak,break
breaf,break
Break,break
bredak,break
nreak,break
bruak,break
brek,break
bresk,break
breawk,break
berak,break
brezk,break
brreak,break
breaK,break
breAk,break
breai,break
breaak,break
bkear,break
reak,break
brteak,break
tbreak,break
doluble,double
doublv,double
dobule,double
dohble,double
drouble,double
ouble,double
dkuble,double
doeblu,double
doble,double
Double,double
doouble,double
douelb,double
doubke,double
doubld,double
doulbe,double
deouble,double
douuble,double
doubl,double
doubls,double
dluboe,double
duoble,double
loubde,double
doublee,double
doubble,double
douBle,double
doublE,double
dOuble,double
duble,double
dpuble,double
doublh,double
doublz,double
dougle,double
doublle,double
oduble,double
doubhle,double
doubloe,double
douyble,double
doubel,double
doUble,double
doube,double
xhar,char
chAr,char
cHar,char
fhar,char
car,char
qchar,char
chr,char
cyar,char
ychar,char
chart,char
chav,char
chra,char
chsr,char
har,char
chhar,char
Char,char
crah,char
chard,char
cjar,char
chak,char
chyar,char
cnar,char
ahcr,char
hcar,char
chaar,char
ohar,char
cqar,char
chxr,char
cxhar,char
chwr,char
cchar,char
chaR,char
cha,char
cahr,char
chaq,char
chare,char
phar,char
charr,char
rhac,char
chaf,char
ong,long
lcng,long
leng,long
Long,long
llong,long
nolg,long
lng,long
loing,long
logn,long
lonmg,long
oong,long
loong,long
lgng,long
lohg,long
lkong,long
lonG,long
lolng,long
longb,long
logg,long
lont,long
lonk,long
xong,long
olng,long
lkng,long
loog,long
aong,long
losg,long
log,long
lnog,long
ling,long
lpng,long
lpong,long
lgno,long
gonl,long
lonjg,long
loxg,long
lOng,long
lokng,long
loNg,long
longg,long
shgort,short
shoit,short
shoet,short
storh,short
shot,short
hsort,short
shor,short
shyort,short
ehort,short
Short,short
shortt,short
sohrt,short
shory,short
sshort,short
shoirt,short
shrrt,short
shrt,short
rhost,short
hort,short
shoRt,short
shrot,short
ohsrt,short
shorg,short
thors,short
shodt,short
ssort,short
syort,short
shoret,short
shOrt,short
shokrt,short
shorT,short
sort,short
shoort,short
shorrt,short
shgrt,short
shoat,short
wshort,short
suort,short
shbort,short
shotr,short
bytee,byte
fbyte,byte
abyte,byte
bhte,byte
bye,byte
bytte,byte
hbyte,byte
eytb,byte
bytu,byte
yte,byte
wyte,byte
Byte,byte
bygte,byte
bytE,byte
jyte,byte
bytw,byte
byhte,byte
bvyte,byte
byet,byte
byted,byte
vyte,byte
bytes,byte
tybe,byte
bute,byte
byye,byte
byTe,byte
ybte,byte
bYte,byte
bytd,byte
bety,byte
bxte,byte
gyte,byte
btye,byte
byfe,byte
bytg,byte
bbyte,byte
bytye,byte
bte,byte
jbyte,byte
bite,byte
suer,super
superd,super
supre,super
supler,super
suped,super
supEr,super
supcr,super
sUper,super
supec,super
duper,super
Super,super
supert,super
usper,super
suhper,super
suptr,super
supper,super
osuper,super
supeR,super
supewr,super
supe,super
shper,super
sper,super
supeer,super
suPer,super
supoer,super
srpeu,super
supr,super
szuper,super
supbr,super
wsuper,super
suprr,super
suepr,super
suuper,super
superr,super
spuer,super
sjper,super
rupes,super
nsuper,super
puser,super
supeq,super
nulr,null
luln,null
hull,null
nulL,null
lunl,null
nullg,null
nllu,null
nulh,null
Null,null
nul,null
nnull,null
nbull,null
nuol,null
nulo,null
nulll,null
nuull,null
ull,null
nkll,null
nulol,null
nll,null
fnull,null
nulp,null
nlul,null
bull,null
nuly,null
iull,null
njll,null
rull,null
unll,null
dnull,null
nvll,null
onull,null
nuLl,null
nuhll,null
nulpl,null
nzll,null
nUll,null
nujl,null
nill,null
njull,null
